{
    "log_idf": {
        "2": 0.49460779508211367,
        "19": 1.2284557331152655,
        "12": 0.6524259897121916,
        "17": 0.41184985509384453,
        "13": 0.8944062290769944,
        "14": 1.0503679361529041,
        "9": 0.7627235959045324,
        "1": 0.9894692818561057,
        "6": 1.0718438303440188,
        "15": 0.8012325322373993,
        "11": 1.0624847295164301,
        "8": 1.1777098409964113,
        "18": 1.1343149772647856,
        "4": 1.1290463927493517,
        "16": 1.1998257385279896,
        "5": 1.0976718778890697,
        "7": 1.1446305166821753,
        "0": 1.0048639796867072,
        "10": 1.4543929386492516,
        "3": 1.2376762294624553
    },
    "power_idf": {
        "2": 0.5737631982296914,
        "19": 1.2265237421854298,
        "12": 0.6755988091950118,
        "17": 0.5266524734461036,
        "13": 0.8679304359147431,
        "14": 1.0200146627280537,
        "9": 0.7573200700534841,
        "1": 0.9576921887100109,
        "6": 1.0429467379914346,
        "15": 0.7881218335044391,
        "11": 1.0328903300742207,
        "8": 1.1637514741015746,
        "18": 1.1126270228847797,
        "4": 1.106574888230167,
        "16": 1.1907037173375048,
        "5": 1.0712099663633403,
        "7": 1.1245727190928527,
        "0": 0.9730776803665545,
        "10": 1.5497403459069798,
        "3": 1.2382877036836242
    },
    "counts": {
        "2": 1978509,
        "19": 157227,
        "12": 1147671,
        "17": 2632489,
        "13": 497925,
        "14": 290687,
        "9": 784360,
        "1": 358669,
        "6": 269923,
        "15": 686756,
        "11": 278783,
        "8": 187318,
        "18": 217578,
        "4": 221570,
        "16": 173554,
        "5": 246906,
        "7": 209969,
        "0": 340112,
        "10": 72097,
        "3": 152303
    },
    "total_tokens": 10904406,
    "mapping": {
        "2": "D",
        "19": "Y",
        "12": "P",
        "17": "V",
        "13": "Q",
        "14": "R",
        "9": "L",
        "1": "C",
        "6": "H",
        "15": "S",
        "11": "N",
        "8": "K",
        "18": "W",
        "4": "F",
        "16": "T",
        "5": "G",
        "7": "I",
        "0": "A",
        "10": "M",
        "3": "E"
    }
}